"Campaign","Ad Group","Ad type","Headline 1","Headline 2","Headline 3","Headline 4","Headline 5","Headline 6","Headline 7","Headline 8","Headline 9","Headline 10","Headline 11","Headline 12","Headline 13","Headline 14","Headline 15","Description 1","Description 2","Description 3","Description 4","Path 1","Path 2","Final URL","Status"
"Brave Hero - Search Ilha","Hamburgueria na Ilha","Responsive search ad","Hamburgueria na Ilha","Hamburgueria no Cocotá","Hamburgueria Artesanal","Hambúrguer Artesanal na Ilha","Burger na Ilha do Governador","Brave Hero Burguer","Hamburgueria Temática","Nota 4,9 no Google","Mais de 160 Avaliações","Burgers com Nome de Herói","Pão Colorido de Herói","Chope Gelado e Petiscos","Aberto de Terça a Domingo","Das 17h às 23h no Cocotá","Veja o Cardápio Completo","Hamburgueria temática no Cocotá com burger artesanal, chope gelado e espaço kids.","Nota 4,9 no Google com mais de 160 avaliações. Veja o cardápio e faça seu pedido.","Aberto de terça a domingo, das 17h às 23h. Estrada da Cacuia, 1259, Ilha do Governador.","Use o cupom BRAVE10 e ganhe 10% de desconto no primeiro pedido pelo cardápio online.","hamburgueria","ilha","https://SEU-SITE.netlify.app/","Enabled"
"Brave Hero - Search Ilha","Hamburgueria na Ilha","Responsive search ad","Hambúrguer Artesanal na Ilha","Burger na Ilha do Governador","Smash e Artesanal na Chapa","Hamburgueria Perto de Você","Aberta Hoje até as 23h","Cupom BRAVE10: 10% Off","10% Off no 1º Pedido Online","Peça pelo Cardápio Online","Peça pelo WhatsApp","Também no iFood e 99Food","Brave Hero Burguer","Nota 4,9 no Google","Todo Herói Tem Fome","Aberto de Terça a Domingo","Faça Seu Pedido Agora","Use o cupom BRAVE10 e ganhe 10% de desconto no primeiro pedido pelo cardápio online.","Peça pelo cardápio online, iFood, 99Food ou WhatsApp e receba seu burger em casa.","Nota 4,9 no Google com mais de 160 avaliações. Veja o cardápio e faça seu pedido.","Aberto de terça a domingo, das 17h às 23h. Estrada da Cacuia, 1259, Ilha do Governador.","hamburgueria","ilha","https://SEU-SITE.netlify.app/","Enabled"
"Brave Hero - Search Ilha","Hamburgueria na Ilha","Responsive search ad","Hamburgueria na Ilha","Hamburgueria no Cocotá","Smash e Artesanal na Chapa","Hamburgueria Perto de Você","Aberta Hoje até as 23h","Espaço Kids Exclusivo","Salão Temático de Heróis","Pais Comem, Crianças Brincam","Burger, Chope e Espaço Kids","Mesas para Grupos Grandes","Nota 4,9 no Google","Brave Hero Burguer","Estrada da Cacuia, 1259","No Cocotá, Ilha do Governador","Reserve sua Mesa","Enquanto você curte seu burger, a criançada se diverte no espaço kids. Venha conhecer.","Hamburgueria temática no Cocotá com burger artesanal, chope gelado e espaço kids.","Nota 4,9 no Google com mais de 160 avaliações. Veja o cardápio e faça seu pedido.","Aberto de terça a domingo, das 17h às 23h. Estrada da Cacuia, 1259, Ilha do Governador.","hamburgueria","ilha","https://SEU-SITE.netlify.app/","Enabled"
"Brave Hero - Search Ilha","Delivery de Hambúrguer","Responsive search ad","Delivery na Ilha do Governador","Hambúrguer Delivery na Ilha","Delivery de Hambúrguer","Burger Quentinho em Casa","Peça e Receba em Casa","Brave Hero Burguer","Hamburgueria Temática","Nota 4,9 no Google","Mais de 160 Avaliações","Burgers com Nome de Herói","Pão Colorido de Herói","Chope Gelado e Petiscos","Aberto de Terça a Domingo","Das 17h às 23h no Cocotá","Veja o Cardápio Completo","Peça pelo cardápio online, iFood, 99Food ou WhatsApp e receba seu burger em casa.","Use o cupom BRAVE10 e ganhe 10% de desconto no primeiro pedido pelo cardápio online.","Nota 4,9 no Google com mais de 160 avaliações. Veja o cardápio e faça seu pedido.","Aberto de terça a domingo, das 17h às 23h. Estrada da Cacuia, 1259, Ilha do Governador.","delivery","ilha","https://SEU-SITE.netlify.app/?s=delivery","Enabled"
"Brave Hero - Search Ilha","Delivery de Hambúrguer","Responsive search ad","Burger Quentinho em Casa","Peça e Receba em Casa","Delivery de Terça a Domingo","Smash e Artesanal no Delivery","Combos para Toda a Família","Cupom BRAVE10: 10% Off","10% Off no 1º Pedido Online","Peça pelo Cardápio Online","Peça pelo WhatsApp","Também no iFood e 99Food","Brave Hero Burguer","Nota 4,9 no Google","Todo Herói Tem Fome","Aberto de Terça a Domingo","Faça Seu Pedido Agora","Use o cupom BRAVE10 e ganhe 10% de desconto no primeiro pedido pelo cardápio online.","Peça pelo cardápio online, iFood, 99Food ou WhatsApp e receba seu burger em casa.","Hamburgueria temática no Cocotá com burger artesanal, chope gelado e espaço kids.","Nota 4,9 no Google com mais de 160 avaliações. Veja o cardápio e faça seu pedido.","delivery","ilha","https://SEU-SITE.netlify.app/?s=delivery","Enabled"
"Brave Hero - Search Ilha","Delivery de Hambúrguer","Responsive search ad","Delivery na Ilha do Governador","Hambúrguer Delivery na Ilha","Delivery de Terça a Domingo","Smash e Artesanal no Delivery","Combos para Toda a Família","Cupom BRAVE10: 10% Off","10% Off no 1º Pedido Online","Peça pelo Cardápio Online","Peça pelo WhatsApp","Também no iFood e 99Food","Brave Hero Burguer","Nota 4,9 no Google","Todo Herói Tem Fome","Aberto de Terça a Domingo","Faça Seu Pedido Agora","Peça pelo cardápio online, iFood, 99Food ou WhatsApp e receba seu burger em casa.","Nota 4,9 no Google com mais de 160 avaliações. Veja o cardápio e faça seu pedido.","Hamburgueria temática no Cocotá com burger artesanal, chope gelado e espaço kids.","Aberto de terça a domingo, das 17h às 23h. Estrada da Cacuia, 1259, Ilha do Governador.","delivery","ilha","https://SEU-SITE.netlify.app/?s=delivery","Enabled"
"Brave Hero - Search Ilha","Festas e Aniversários","Responsive search ad","Festa de Aniversário na Ilha","Aniversário na Brave Hero","Comemore no QG dos Heróis","Grupos de 10 a 60 Pessoas","Aniversário com Espaço Kids","Brave Hero Burguer","Hamburgueria Temática","Nota 4,9 no Google","Mais de 160 Avaliações","Burgers com Nome de Herói","Pão Colorido de Herói","Chope Gelado e Petiscos","Aberto de Terça a Domingo","Das 17h às 23h no Cocotá","Veja o Cardápio Completo","Festas de aniversário para grupos de 10 a 60 pessoas, com espaço kids. Reserve já.","Salão temático de heróis, burger caprichado e chope gelado. Chame no WhatsApp.","Nota 4,9 no Google com mais de 160 avaliações. Veja o cardápio e faça seu pedido.","Aberto de terça a domingo, das 17h às 23h. Estrada da Cacuia, 1259, Ilha do Governador.","festas","aniversario","https://SEU-SITE.netlify.app/?s=festas","Enabled"
"Brave Hero - Search Ilha","Festas e Aniversários","Responsive search ad","Grupos de 10 a 60 Pessoas","Aniversário com Espaço Kids","Reserve pelo WhatsApp","Festa Infantil com Burger","Reservas para Aniversário","Salão Temático de Heróis","Espaço Kids Exclusivo","Mesas para Grupos Grandes","Chope Gelado e Petiscos","Nota 4,9 no Google","Brave Hero Burguer","Aberto de Terça a Domingo","Das 17h às 23h no Cocotá","Reserve sua Mesa","Burger, Chope e Espaço Kids","Festas de aniversário para grupos de 10 a 60 pessoas, com espaço kids. Reserve já.","Enquanto você curte seu burger, a criançada se diverte no espaço kids. Venha conhecer.","Nota 4,9 no Google com mais de 160 avaliações. Veja o cardápio e faça seu pedido.","Aberto de terça a domingo, das 17h às 23h. Estrada da Cacuia, 1259, Ilha do Governador.","festas","aniversario","https://SEU-SITE.netlify.app/?s=festas","Enabled"
"Brave Hero - Search Ilha","Festas e Aniversários","Responsive search ad","Festa de Aniversário na Ilha","Aniversário na Brave Hero","Reserve pelo WhatsApp","Festa Infantil com Burger","Reservas para Aniversário","Espaço Kids Exclusivo","Salão Temático de Heróis","Pais Comem, Crianças Brincam","Burger, Chope e Espaço Kids","Mesas para Grupos Grandes","Nota 4,9 no Google","Brave Hero Burguer","Estrada da Cacuia, 1259","No Cocotá, Ilha do Governador","Reserve sua Mesa","Salão temático de heróis, burger caprichado e chope gelado. Chame no WhatsApp.","Festas de aniversário para grupos de 10 a 60 pessoas, com espaço kids. Reserve já.","Hamburgueria temática no Cocotá com burger artesanal, chope gelado e espaço kids.","Aberto de terça a domingo, das 17h às 23h. Estrada da Cacuia, 1259, Ilha do Governador.","festas","aniversario","https://SEU-SITE.netlify.app/?s=festas","Enabled"
"Brave Hero - Search Ilha","Espaço Kids e Família","Responsive search ad","Restaurante com Espaço Kids","Hamburgueria com Espaço Kids","Diversão pros Pequenos Heróis","Espaço Kids na Ilha","Família Inteira Bem-Vinda","Espaço Kids Exclusivo","Salão Temático de Heróis","Pais Comem, Crianças Brincam","Burger, Chope e Espaço Kids","Mesas para Grupos Grandes","Nota 4,9 no Google","Brave Hero Burguer","Estrada da Cacuia, 1259","No Cocotá, Ilha do Governador","Reserve sua Mesa","Enquanto você curte seu burger, a criançada se diverte no espaço kids. Venha conhecer.","Hamburgueria temática no Cocotá com burger artesanal, chope gelado e espaço kids.","Nota 4,9 no Google com mais de 160 avaliações. Veja o cardápio e faça seu pedido.","Aberto de terça a domingo, das 17h às 23h. Estrada da Cacuia, 1259, Ilha do Governador.","espaco-kids","ilha","https://SEU-SITE.netlify.app/?s=espaco","Enabled"
"Brave Hero - Search Ilha","Espaço Kids e Família","Responsive search ad","Espaço Kids na Ilha","Família Inteira Bem-Vinda","Área Kids no Cocotá","Brinquedão para as Crianças","Lugar para Levar as Crianças","Salão Temático de Heróis","Espaço Kids Exclusivo","Mesas para Grupos Grandes","Chope Gelado e Petiscos","Nota 4,9 no Google","Brave Hero Burguer","Aberto de Terça a Domingo","Das 17h às 23h no Cocotá","Reserve sua Mesa","Burger, Chope e Espaço Kids","Enquanto você curte seu burger, a criançada se diverte no espaço kids. Venha conhecer.","Festas de aniversário para grupos de 10 a 60 pessoas, com espaço kids. Reserve já.","Nota 4,9 no Google com mais de 160 avaliações. Veja o cardápio e faça seu pedido.","Aberto de terça a domingo, das 17h às 23h. Estrada da Cacuia, 1259, Ilha do Governador.","espaco-kids","ilha","https://SEU-SITE.netlify.app/?s=espaco","Enabled"
"Brave Hero - Search Ilha","Espaço Kids e Família","Responsive search ad","Restaurante com Espaço Kids","Hamburgueria com Espaço Kids","Área Kids no Cocotá","Brinquedão para as Crianças","Lugar para Levar as Crianças","Brave Hero Burguer","Hamburgueria Temática","Nota 4,9 no Google","Mais de 160 Avaliações","Burgers com Nome de Herói","Pão Colorido de Herói","Chope Gelado e Petiscos","Aberto de Terça a Domingo","Das 17h às 23h no Cocotá","Veja o Cardápio Completo","Hamburgueria temática no Cocotá com burger artesanal, chope gelado e espaço kids.","Enquanto você curte seu burger, a criançada se diverte no espaço kids. Venha conhecer.","Salão temático de heróis, burger caprichado e chope gelado. Chame no WhatsApp.","Aberto de terça a domingo, das 17h às 23h. Estrada da Cacuia, 1259, Ilha do Governador.","espaco-kids","ilha","https://SEU-SITE.netlify.app/?s=espaco","Enabled"
"Brave Hero - Search Ilha","Marca Brave Hero","Responsive search ad","Site Oficial Brave Hero","Brave Hero Hamburgueria","Cardápio Brave Hero","Brave Hero no Cocotá","Delivery Brave Hero","Brave Hero Burguer","Hamburgueria Temática","Nota 4,9 no Google","Mais de 160 Avaliações","Burgers com Nome de Herói","Pão Colorido de Herói","Chope Gelado e Petiscos","Aberto de Terça a Domingo","Das 17h às 23h no Cocotá","Veja o Cardápio Completo","Site oficial da Brave Hero: cardápio, delivery, festas e como chegar em um só lugar.","Nota 4,9 no Google com mais de 160 avaliações. Veja o cardápio e faça seu pedido.","Use o cupom BRAVE10 e ganhe 10% de desconto no primeiro pedido pelo cardápio online.","Aberto de terça a domingo, das 17h às 23h. Estrada da Cacuia, 1259, Ilha do Governador.","brave-hero","cardapio","https://SEU-SITE.netlify.app/","Enabled"
"Brave Hero - Search Ilha","Marca Brave Hero","Responsive search ad","Brave Hero no Cocotá","Delivery Brave Hero","Festas na Brave Hero","Brave Hero: Pedido Online","Brave Hero Ilha do Governador","Cupom BRAVE10: 10% Off","10% Off no 1º Pedido Online","Peça pelo Cardápio Online","Peça pelo WhatsApp","Também no iFood e 99Food","Brave Hero Burguer","Nota 4,9 no Google","Todo Herói Tem Fome","Aberto de Terça a Domingo","Faça Seu Pedido Agora","Site oficial da Brave Hero: cardápio, delivery, festas e como chegar em um só lugar.","Peça pelo cardápio online, iFood, 99Food ou WhatsApp e receba seu burger em casa.","Festas de aniversário para grupos de 10 a 60 pessoas, com espaço kids. Reserve já.","Aberto de terça a domingo, das 17h às 23h. Estrada da Cacuia, 1259, Ilha do Governador.","brave-hero","cardapio","https://SEU-SITE.netlify.app/","Enabled"
"Brave Hero - Search Ilha","Marca Brave Hero","Responsive search ad","Site Oficial Brave Hero","Brave Hero Hamburgueria","Festas na Brave Hero","Brave Hero: Pedido Online","Brave Hero Ilha do Governador","Espaço Kids Exclusivo","Salão Temático de Heróis","Pais Comem, Crianças Brincam","Burger, Chope e Espaço Kids","Mesas para Grupos Grandes","Nota 4,9 no Google","Brave Hero Burguer","Estrada da Cacuia, 1259","No Cocotá, Ilha do Governador","Reserve sua Mesa","Site oficial da Brave Hero: cardápio, delivery, festas e como chegar em um só lugar.","Hamburgueria temática no Cocotá com burger artesanal, chope gelado e espaço kids.","Nota 4,9 no Google com mais de 160 avaliações. Veja o cardápio e faça seu pedido.","Use o cupom BRAVE10 e ganhe 10% de desconto no primeiro pedido pelo cardápio online.","brave-hero","cardapio","https://SEU-SITE.netlify.app/","Enabled"
