"Campaign","Ad Group","Keyword","Criterion Type"
"Brave Hero - Search Ilha","","receita","Campaign Negative Phrase"
"Brave Hero - Search Ilha","","receitas","Campaign Negative Phrase"
"Brave Hero - Search Ilha","","como fazer","Campaign Negative Phrase"
"Brave Hero - Search Ilha","","caseiro","Campaign Negative Phrase"
"Brave Hero - Search Ilha","","caseira","Campaign Negative Phrase"
"Brave Hero - Search Ilha","","vaga","Campaign Negative Phrase"
"Brave Hero - Search Ilha","","vagas","Campaign Negative Phrase"
"Brave Hero - Search Ilha","","emprego","Campaign Negative Phrase"
"Brave Hero - Search Ilha","","empregos","Campaign Negative Phrase"
"Brave Hero - Search Ilha","","trabalhe conosco","Campaign Negative Phrase"
"Brave Hero - Search Ilha","","curso","Campaign Negative Phrase"
"Brave Hero - Search Ilha","","franquia","Campaign Negative Phrase"
"Brave Hero - Search Ilha","","atacado","Campaign Negative Phrase"
"Brave Hero - Search Ilha","","congelado","Campaign Negative Phrase"
"Brave Hero - Search Ilha","","supermercado","Campaign Negative Phrase"
"Brave Hero - Search Ilha","","pao de hamburguer","Campaign Negative Phrase"
"Brave Hero - Search Ilha","","carne moida","Campaign Negative Phrase"
"Brave Hero - Search Ilha","","prensa","Campaign Negative Phrase"
"Brave Hero - Search Ilha","","maquina","Campaign Negative Phrase"
"Brave Hero - Search Ilha","","gratis","Campaign Negative Phrase"
"Brave Hero - Search Ilha","","grátis","Campaign Negative Phrase"
"Brave Hero - Search Ilha","","download","Campaign Negative Phrase"
"Brave Hero - Search Ilha","","png","Campaign Negative Phrase"
"Brave Hero - Search Ilha","","desenho","Campaign Negative Phrase"
"Brave Hero - Search Ilha","","calorias","Campaign Negative Phrase"
"Brave Hero - Search Ilha","","dieta","Campaign Negative Phrase"
"Brave Hero - Search Ilha","","significado","Campaign Negative Phrase"
"Brave Hero - Search Ilha","","mcdonalds","Campaign Negative Phrase"
"Brave Hero - Search Ilha","","mc donalds","Campaign Negative Phrase"
"Brave Hero - Search Ilha","","burger king","Campaign Negative Phrase"
"Brave Hero - Search Ilha","","bobs","Campaign Negative Phrase"
"Brave Hero - Search Ilha","","madero","Campaign Negative Phrase"
"Brave Hero - Search Ilha","","habibs","Campaign Negative Phrase"
"Brave Hero - Search Ilha","","original burguer","Campaign Negative Phrase"
"Brave Hero - Search Ilha","","o burgues","Campaign Negative Phrase"
"Brave Hero - Search Ilha","","o burguês","Campaign Negative Phrase"
"Brave Hero - Search Ilha","","notorious burguer","Campaign Negative Phrase"
"Brave Hero - Search Ilha","","social burguer","Campaign Negative Phrase"
"Brave Hero - Search Ilha","","trindade burger","Campaign Negative Phrase"
"Brave Hero - Search Ilha","","point do leao","Campaign Negative Phrase"
"Brave Hero - Search Ilha","","point do leão","Campaign Negative Phrase"
"Brave Hero - Search Ilha","","hamburgueria do rafa","Campaign Negative Phrase"
"Brave Hero - Search Ilha","","mocellin","Campaign Negative Phrase"
"Brave Hero - Search Ilha","","gruta da ilha","Campaign Negative Phrase"
"Brave Hero - Search Ilha","","simsalabim","Campaign Negative Phrase"
"Brave Hero - Search Ilha","","a favorita","Campaign Negative Phrase"
"Brave Hero - Search Ilha","Hamburgueria na Ilha","delivery","Negative Phrase"
"Brave Hero - Search Ilha","Hamburgueria na Ilha","entrega","Negative Phrase"
"Brave Hero - Search Ilha","Hamburgueria na Ilha","ifood","Negative Phrase"
"Brave Hero - Search Ilha","Hamburgueria na Ilha","aniversario","Negative Phrase"
"Brave Hero - Search Ilha","Hamburgueria na Ilha","aniversário","Negative Phrase"
"Brave Hero - Search Ilha","Hamburgueria na Ilha","festa","Negative Phrase"
"Brave Hero - Search Ilha","Hamburgueria na Ilha","espaco kids","Negative Phrase"
"Brave Hero - Search Ilha","Hamburgueria na Ilha","espaço kids","Negative Phrase"
"Brave Hero - Search Ilha","Hamburgueria na Ilha","area kids","Negative Phrase"
"Brave Hero - Search Ilha","Hamburgueria na Ilha","crianca","Negative Phrase"
"Brave Hero - Search Ilha","Hamburgueria na Ilha","criança","Negative Phrase"
"Brave Hero - Search Ilha","Hamburgueria na Ilha","infantil","Negative Phrase"
"Brave Hero - Search Ilha","Hamburgueria na Ilha","brave hero","Negative Phrase"
"Brave Hero - Search Ilha","Delivery de Hambúrguer","aniversario","Negative Phrase"
"Brave Hero - Search Ilha","Delivery de Hambúrguer","aniversário","Negative Phrase"
"Brave Hero - Search Ilha","Delivery de Hambúrguer","festa","Negative Phrase"
"Brave Hero - Search Ilha","Delivery de Hambúrguer","espaco kids","Negative Phrase"
"Brave Hero - Search Ilha","Delivery de Hambúrguer","espaço kids","Negative Phrase"
"Brave Hero - Search Ilha","Delivery de Hambúrguer","brave hero","Negative Phrase"
"Brave Hero - Search Ilha","Festas e Aniversários","delivery","Negative Phrase"
"Brave Hero - Search Ilha","Festas e Aniversários","ifood","Negative Phrase"
"Brave Hero - Search Ilha","Festas e Aniversários","buffet","Negative Phrase"
"Brave Hero - Search Ilha","Festas e Aniversários","decoracao","Negative Phrase"
"Brave Hero - Search Ilha","Festas e Aniversários","decoração","Negative Phrase"
"Brave Hero - Search Ilha","Festas e Aniversários","convite","Negative Phrase"
"Brave Hero - Search Ilha","Festas e Aniversários","bolo","Negative Phrase"
"Brave Hero - Search Ilha","Festas e Aniversários","salgados","Negative Phrase"
"Brave Hero - Search Ilha","Festas e Aniversários","kit festa","Negative Phrase"
"Brave Hero - Search Ilha","Festas e Aniversários","aluguel","Negative Phrase"
"Brave Hero - Search Ilha","Festas e Aniversários","brave hero","Negative Phrase"
"Brave Hero - Search Ilha","Espaço Kids e Família","festa","Negative Phrase"
"Brave Hero - Search Ilha","Espaço Kids e Família","aniversario","Negative Phrase"
"Brave Hero - Search Ilha","Espaço Kids e Família","aniversário","Negative Phrase"
"Brave Hero - Search Ilha","Espaço Kids e Família","delivery","Negative Phrase"
"Brave Hero - Search Ilha","Espaço Kids e Família","brave hero","Negative Phrase"
