"Campaign","Ad Group","Keyword","Criterion Type","Status"
"Brave Hero - Search Ilha","Hamburgueria na Ilha","hamburgueria ilha do governador","Exact","Enabled"
"Brave Hero - Search Ilha","Hamburgueria na Ilha","hamburgueria ilha do governador","Phrase","Enabled"
"Brave Hero - Search Ilha","Hamburgueria na Ilha","hamburgueria na ilha do governador","Phrase","Enabled"
"Brave Hero - Search Ilha","Hamburgueria na Ilha","hamburgueria cocota","Phrase","Enabled"
"Brave Hero - Search Ilha","Hamburgueria na Ilha","hamburgueria artesanal ilha do governador","Phrase","Enabled"
"Brave Hero - Search Ilha","Hamburgueria na Ilha","hamburguer ilha do governador","Phrase","Enabled"
"Brave Hero - Search Ilha","Hamburgueria na Ilha","hamburgueria jardim guanabara","Phrase","Enabled"
"Brave Hero - Search Ilha","Hamburgueria na Ilha","hamburgueria freguesia ilha","Phrase","Enabled"
"Brave Hero - Search Ilha","Hamburgueria na Ilha","hamburgueria perto de mim","Phrase","Enabled"
"Brave Hero - Search Ilha","Hamburgueria na Ilha","hamburgueria aberta agora","Phrase","Enabled"
"Brave Hero - Search Ilha","Hamburgueria na Ilha","onde comer hamburguer na ilha","Phrase","Enabled"
"Brave Hero - Search Ilha","Hamburgueria na Ilha","hamburgueria tematica","Phrase","Enabled"
"Brave Hero - Search Ilha","Hamburgueria na Ilha","smash burger ilha do governador","Phrase","Enabled"
"Brave Hero - Search Ilha","Hamburgueria na Ilha","lanchonete ilha do governador","Phrase","Enabled"
"Brave Hero - Search Ilha","Delivery de Hambúrguer","hamburguer delivery ilha do governador","Exact","Enabled"
"Brave Hero - Search Ilha","Delivery de Hambúrguer","delivery hamburguer ilha do governador","Phrase","Enabled"
"Brave Hero - Search Ilha","Delivery de Hambúrguer","hamburguer delivery ilha do governador","Phrase","Enabled"
"Brave Hero - Search Ilha","Delivery de Hambúrguer","delivery de hamburguer perto de mim","Phrase","Enabled"
"Brave Hero - Search Ilha","Delivery de Hambúrguer","hamburguer delivery perto de mim","Phrase","Enabled"
"Brave Hero - Search Ilha","Delivery de Hambúrguer","delivery ilha do governador","Phrase","Enabled"
"Brave Hero - Search Ilha","Delivery de Hambúrguer","lanche delivery ilha do governador","Phrase","Enabled"
"Brave Hero - Search Ilha","Delivery de Hambúrguer","hamburguer delivery cocota","Phrase","Enabled"
"Brave Hero - Search Ilha","Delivery de Hambúrguer","smash burger delivery","Phrase","Enabled"
"Brave Hero - Search Ilha","Delivery de Hambúrguer","pedir hamburguer","Phrase","Enabled"
"Brave Hero - Search Ilha","Delivery de Hambúrguer","delivery hamburgueria aberta agora","Phrase","Enabled"
"Brave Hero - Search Ilha","Festas e Aniversários","lugar para aniversario ilha do governador","Exact","Enabled"
"Brave Hero - Search Ilha","Festas e Aniversários","lugar para aniversario ilha do governador","Phrase","Enabled"
"Brave Hero - Search Ilha","Festas e Aniversários","aniversario ilha do governador","Phrase","Enabled"
"Brave Hero - Search Ilha","Festas e Aniversários","festa de aniversario ilha do governador","Phrase","Enabled"
"Brave Hero - Search Ilha","Festas e Aniversários","restaurante para aniversario ilha do governador","Phrase","Enabled"
"Brave Hero - Search Ilha","Festas e Aniversários","comemorar aniversario ilha do governador","Phrase","Enabled"
"Brave Hero - Search Ilha","Festas e Aniversários","aniversario infantil ilha do governador","Phrase","Enabled"
"Brave Hero - Search Ilha","Festas e Aniversários","festa infantil ilha do governador","Phrase","Enabled"
"Brave Hero - Search Ilha","Festas e Aniversários","espaco para festa ilha do governador","Phrase","Enabled"
"Brave Hero - Search Ilha","Festas e Aniversários","onde comemorar aniversario","Phrase","Enabled"
"Brave Hero - Search Ilha","Festas e Aniversários","restaurante para festa de aniversario","Phrase","Enabled"
"Brave Hero - Search Ilha","Festas e Aniversários","aniversario em restaurante","Phrase","Enabled"
"Brave Hero - Search Ilha","Espaço Kids e Família","restaurante com espaco kids ilha do governador","Exact","Enabled"
"Brave Hero - Search Ilha","Espaço Kids e Família","restaurante com espaco kids ilha do governador","Phrase","Enabled"
"Brave Hero - Search Ilha","Espaço Kids e Família","restaurante com espaco kids","Phrase","Enabled"
"Brave Hero - Search Ilha","Espaço Kids e Família","hamburgueria com espaco kids","Phrase","Enabled"
"Brave Hero - Search Ilha","Espaço Kids e Família","restaurante com brinquedoteca","Phrase","Enabled"
"Brave Hero - Search Ilha","Espaço Kids e Família","restaurante com area kids","Phrase","Enabled"
"Brave Hero - Search Ilha","Espaço Kids e Família","lugar para levar crianca ilha do governador","Phrase","Enabled"
"Brave Hero - Search Ilha","Espaço Kids e Família","restaurante infantil ilha do governador","Phrase","Enabled"
"Brave Hero - Search Ilha","Espaço Kids e Família","restaurante para familia ilha do governador","Phrase","Enabled"
"Brave Hero - Search Ilha","Espaço Kids e Família","restaurante com parquinho","Phrase","Enabled"
"Brave Hero - Search Ilha","Marca Brave Hero","brave hero burguer","Exact","Enabled"
"Brave Hero - Search Ilha","Marca Brave Hero","brave hero burguer","Phrase","Enabled"
"Brave Hero - Search Ilha","Marca Brave Hero","brave hero hamburgueria","Phrase","Enabled"
"Brave Hero - Search Ilha","Marca Brave Hero","brave hero ilha","Phrase","Enabled"
"Brave Hero - Search Ilha","Marca Brave Hero","brave hero cocota","Phrase","Enabled"
"Brave Hero - Search Ilha","Marca Brave Hero","brave hero burger","Phrase","Enabled"
"Brave Hero - Search Ilha","Marca Brave Hero","brave hero delivery","Phrase","Enabled"
